Seconds,Rpi3 - Python3.9,Rpi3 - Python3.12,Rpi3 - Python3.13,Rpi4 - Python3.9,Rpi4 - Python3.12,Rpi4 - Python3.13
0.00,0.5432,0.5396,0.5504,0.4039,0.4036,0.4128
0.10,0.5338,0.5321,0.5428,0.4209,0.4044,0.4064
0.20,0.5241,0.5279,0.5334,0.4187,0.4008,0.4051
0.30,0.5240,0.5267,0.5285,0.4046,0.4017,0.4011
0.40,0.5231,0.5236,0.5293,0.4032,0.4011,0.4004
0.50,0.5240,0.5232,0.5297,0.4019,0.4015,0.4015
0.60,0.5232,0.5247,0.5287,0.4016,0.4052,0.3971
0.70,0.5235,0.5228,0.528,0.4031,0.4029,0.4004
0.80,0.5226,0.5241,0.5283,0.4054,0.4031,0.4017
0.90,0.5201,0.5226,0.5271,0.4093,0.4041,0.3994
1.00,0.5239,0.5235,0.529,0.41,0.4145,0.4011
1.10,0.5226,0.5239,0.5285,0.403,0.4031,0.3987
1.20,0.5257,0.5236,0.5277,0.4023,0.4106,0.4014
1.30,0.5247,0.5242,0.5284,0.4033,0.4071,0.4006
1.40,0.5226,0.5231,0.5293,0.4035,0.4079,0.401
1.50,0.5234,0.5233,0.5287,0.4136,0.4047,0.4001
1.60,0.5252,0.5232,0.526,0.412,0.4055,0.4017
1.70,0.5310,0.5225,0.5259,0.4058,0.4059,0.4012
1.80,0.5243,0.5223,0.5279,0.4039,0.4009,0.4025
1.90,0.5243,0.5275,0.5307,0.4035,0.4006,0.3998
2.00,0.5235,0.5235,0.5288,0.4031,0.4007,0.4001
2.10,0.5227,0.5242,0.5295,0.4043,0.4016,0.402
2.20,0.5223,0.5249,0.5295,0.4053,0.4007,0.4009
2.30,0.5219,0.5238,0.5296,0.4069,0.401,0.399
2.40,0.5234,0.5245,0.5297,0.4092,0.402,0.4014
2.50,0.5231,0.5249,0.529,0.429,0.4032,0.4072
2.60,0.5229,0.5240,0.5287,0.4944,0.4168,0.43
2.70,0.5231,0.5246,0.5296,0.4337,0.4166,0.4015
2.80,0.5231,0.5238,0.5297,0.4464,0.4252,0.4255
2.90,0.5231,0.5231,0.5281,0.4685,0.5183,0.4789
3.00,0.5242,0.5255,0.5299,0.4095,0.433,0.4394
3.10,0.5236,0.5241,0.5289,0.4104,0.4012,0.4022
3.20,0.5214,0.5222,0.5276,0.4115,0.4019,0.4102
3.30,0.5174,0.5232,0.53,0.4116,0.4026,0.4252
3.40,0.5230,0.5251,0.5335,0.411,0.4029,0.4147
3.50,0.5238,0.5241,0.5332,0.4132,0.4021,0.4118
3.60,0.5232,0.5246,0.5264,0.4118,0.399,0.412
3.70,0.5245,0.5237,0.5273,0.4133,0.4006,0.4004
3.80,0.5240,0.5238,0.5298,0.4087,0.4017,0.4015
3.90,0.5256,0.5248,0.529,0.4058,0.4038,0.4013
4.00,0.5234,0.5238,0.5309,0.4079,0.4056,0.4016
4.10,0.5225,0.5241,0.5291,0.4081,0.4027,0.4014
4.20,0.5256,0.5249,0.5306,0.4062,0.4229,0.4021
4.30,0.5270,0.5251,0.5317,0.4054,0.4002,0.4009
4.40,0.5280,0.5240,0.5319,0.4044,0.4002,0.3999
4.50,0.5266,0.5225,0.5334,0.4075,0.4003,0.4017
4.60,0.5259,0.5196,0.5334,0.4099,0.4014,0.4012
4.70,0.5255,0.5253,0.531,0.4083,0.4016,0.402
4.80,0.5251,0.5238,0.5283,0.4087,0.4001,0.4009
4.90,0.5250,0.5240,0.5288,0.4071,0.4015,0.4003
5.00,0.5262,0.5247,0.5302,0.4061,0.4015,0.4018
5.10,0.5328,0.5313,0.5373,0.4086,0.4009,0.4046
5.20,0.5328,0.5313,0.5406,0.4081,0.4056,0.4001
5.30,0.5255,0.5286,0.5398,0.4072,0.4046,0.3982
5.40,0.5240,0.5255,0.5427,0.4051,0.4046,0.3992
5.50,0.5250,0.5287,0.5342,0.4058,0.4064,0.4045
5.60,0.5232,0.5284,0.5331,0.4052,0.4003,0.4019
5.70,0.5252,0.5262,0.5356,0.4044,0.3994,0.4123
5.80,0.5231,0.5286,0.5334,0.4069,0.4,0.4085
5.90,0.5242,0.5281,0.5312,0.4284,0.3986,0.4025
6.00,0.5244,0.5289,0.5335,0.4871,0.44,0.4481
6.10,0.5235,0.5281,0.5322,0.4174,0.4806,0.4077
6.20,0.5238,0.5244,0.5316,0.4558,0.4191,0.4058
6.30,0.5233,0.5250,0.5324,0.4504,0.4556,0.4688
6.40,0.5228,0.5248,0.5249,0.4075,0.4193,0.4328
6.50,0.5235,0.5240,0.5232,0.4066,0.4017,0.4019
6.60,0.5232,0.5242,0.5247,0.4047,0.4016,0.4115
6.70,0.5242,0.5281,0.5252,0.4037,0.402,0.409
6.80,0.5241,0.5241,0.5259,0.4055,0.4017,0.4001
6.90,0.5232,0.5246,0.5247,0.4041,0.4023,0.4012
7.00,0.5239,0.5242,0.5245,0.4057,0.4034,0.4097
7.10,0.5236,0.5238,0.5238,0.4073,0.4012,0.3991
7.20,0.5245,0.5233,0.5217,0.4085,0.4016,0.3984
7.30,0.5239,0.5226,0.5228,0.4153,0.402,0.3984
7.40,0.5236,0.5220,0.5225,0.4123,0.401,0.3979
7.50,0.5210,0.5228,0.5246,0.4025,0.4037,0.3978
7.60,0.5239,0.5252,0.5203,0.4027,0.4171,0.398
7.70,0.5231,0.5239,0.5246,0.4037,0.4046,0.3989
7.80,0.5240,0.5250,0.5236,0.4036,0.4058,0.3997
7.90,0.5240,0.5242,0.5252,0.4049,0.4023,0.4105
8.00,0.5236,0.5243,0.5239,0.4042,0.3992,0.4155
8.10,0.5240,0.5250,0.5243,0.4049,0.3993,0.4117
8.20,0.5239,0.5241,0.5245,0.404,0.4009,0.4115
8.30,0.5236,0.5269,0.5228,0.4042,0.4003,0.4122
8.40,0.5237,0.5256,0.5218,0.4033,0.4001,0.4012
8.50,0.5241,0.5251,0.5259,0.4043,0.4009,0.4016
8.60,0.5256,0.5237,0.5272,0.4049,0.3996,0.4008
8.70,0.5247,0.5224,0.5255,0.4074,0.4007,0.4014
8.80,0.5245,0.5197,0.5266,0.4086,0.4019,0.4017
8.90,0.5234,0.5231,0.5284,0.4126,0.4025,0.4018
9.00,0.5236,0.5247,0.5259,0.4129,0.4038,0.4014
9.10,0.5237,0.5241,0.5225,0.4148,0.4116,0.4152
9.20,0.5234,0.5228,0.5238,0.4133,0.3999,0.4069
9.30,0.5236,0.5230,0.5226,0.4441,0.3989,0.4082
9.40,0.5230,0.5246,0.5288,0.4881,0.4502,0.4494
9.50,0.5239,0.5240,0.521,0.4192,0.472,0.4035
9.60,0.5262,0.5243,0.5223,0.4758,0.4146,0.414
9.70,0.5234,0.5233,0.5201,0.4439,0.4588,0.4637
9.80,0.5228,0.5233,0.5213,0.4107,0.4161,0.4211
9.90,0.5230,0.5238,0.5259,0.411,0.4098,0.3987
10.00,0.5243,0.5242,0.525,0.4118,0.4037,0.4167
10.10,0.5233,0.5238,0.5263,0.4116,0.4007,0.4075
10.20,0.5226,0.5240,0.526,0.4104,0.4009,0.4004
10.30,0.5236,0.5237,0.5289,0.4048,0.4015,0.4015
10.40,0.5239,0.5248,0.5273,0.404,0.4022,0.4049
10.50,0.5197,0.5274,0.5292,0.4069,0.4025,0.3991
10.60,0.5241,0.5273,0.5281,0.4078,0.4019,0.3994
10.70,0.5241,0.5264,0.5256,0.4056,0.402,0.4007
10.80,0.5239,0.5279,0.5273,0.4065,0.4033,0.3995
10.90,0.5230,0.5273,0.5264,0.4056,0.4083,0.4017
11.00,0.5242,0.5233,0.5267,0.4044,0.4147,0.4033
11.10,0.5240,0.5226,0.5253,0.4053,0.4021,0.4072
11.20,0.5242,0.5240,0.5259,0.4086,0.4021,0.4024
11.30,0.5238,0.5257,0.5245,0.4072,0.4041,0.3998
11.40,0.5246,0.5251,0.5253,0.4065,0.4028,0.4009
11.50,0.5256,0.5223,0.5259,0.4078,0.4003,0.3984
11.60,0.5233,0.5234,0.5247,0.4089,0.4,0.4046
11.70,0.5239,0.5249,0.5256,0.4072,0.4003,0.4073
11.80,0.5215,0.5228,0.5248,0.4059,0.4004,0.399
11.90,0.5244,0.5226,0.5233,0.4057,0.4113,0.3984
12.00,0.5241,0.5223,0.5248,0.4052,0.4134,0.3979
12.10,0.5232,0.5224,0.525,0.4049,0.4129,0.3999
12.20,0.5231,0.5256,0.5253,0.4063,0.4053,0.3989
12.30,0.5210,0.5238,0.5235,0.4072,0.4011,0.3991
12.40,0.5216,0.5220,0.5221,0.4053,0.4011,0.4025
12.50,0.5189,0.5215,0.5252,0.4067,0.4009,0.4299
12.60,0.5233,0.5223,0.5253,0.4055,0.4008,0.4165
12.70,0.5240,0.5225,0.5257,0.4529,0.408,0.4233
12.80,0.5242,0.5224,0.5256,0.4727,0.4607,0.4545
12.90,0.5236,0.5235,0.5255,0.4127,0.4563,0.4074
13.00,0.5235,0.5229,0.5245,0.4749,0.4112,0.4228
13.10,0.5238,0.5283,0.529,0.4246,0.4469,0.4616
13.20,0.5242,0.5437,0.5247,0.4039,0.4023,0.4176
13.30,0.5232,0.5440,0.5299,0.4043,0.4006,0.4016
13.40,0.5285,0.5373,0.5243,0.406,0.4032,0.4194
13.50,0.5332,0.5255,0.5223,0.4043,0.4027,0.4036
13.60,0.5335,0.5279,0.5225,0.4032,0.4017,0.4005
13.70,0.5311,0.5276,0.5245,0.4053,0.4006,0.4012
13.80,0.5274,0.5271,0.5249,0.4048,0.4,0.401
13.90,0.5246,0.5277,0.525,0.4052,0.4017,0.4001
14.00,0.5234,0.5269,0.5244,0.4053,0.4094,0.4009
14.10,0.5237,0.5246,0.5248,0.4095,0.4195,0.4033
14.20,0.5233,0.5246,0.5242,0.4036,0.4151,0.4063
14.30,0.5211,0.5255,0.5218,0.4055,0.4155,0.401
14.40,0.5238,0.5248,0.5255,0.4083,0.4129,0.3996
14.50,0.5230,0.5246,0.5262,0.4073,0.4012,0.4019
14.60,0.5230,0.5243,0.53,0.4078,0.4015,0.4012
14.70,0.5229,0.5244,0.5292,0.4081,0.401,0.4024
14.80,0.5238,0.5235,0.5319,0.4063,0.4031,0.4048
14.90,0.5219,0.5240,0.5273,0.4049,0.4021,0.4051
15.00,0.5238,0.5229,0.5243,0.4081,0.3984,0.4007
15.10,0.5240,0.5230,0.5236,0.4052,0.4005,0.3994
15.20,0.5235,0.5234,0.5238,0.4046,0.4015,0.3994
15.30,0.5188,0.5221,0.5278,0.4031,0.4007,0.4001
15.40,0.5200,0.5242,0.5249,0.4079,0.4006,0.4002
15.50,0.5242,0.5246,0.5253,0.4044,0.4019,0.4028
15.60,0.5232,0.5249,0.5246,0.4035,0.4043,0.4112
15.70,0.5245,0.5241,0.5265,0.4075,0.4032,0.4139
15.80,0.5273,0.5233,0.5298,0.4052,0.3991,0.4124
15.90,0.5238,0.5252,0.5291,0.4027,0.4032,0.4293
16.00,0.5226,0.5243,0.5317,0.4027,0.4124,0.4052
16.10,0.5236,0.5243,0.5313,0.465,0.4225,0.4215
16.20,0.5256,0.5257,0.5387,0.4596,0.4865,0.4394
16.30,0.5255,0.5262,0.5311,0.4155,0.4817,0.4013
16.40,0.5259,0.5250,0.5326,0.4784,0.4297,0.4326
16.50,0.5255,0.5245,0.5361,0.4181,0.4385,0.4626
16.60,0.5253,0.5225,0.5293,0.4036,0.4102,0.4121
16.70,0.5254,0.5210,0.5296,0.4031,0.4117,0.4016
16.80,0.5266,0.5240,0.5345,0.4038,0.4133,0.421
16.90,0.5260,0.5259,0.5337,0.4039,0.4051,0.4005
17.00,0.5232,0.5272,0.5341,0.4043,0.401,0.401
17.10,0.5231,0.5236,0.5355,0.4043,0.401,0.4001
17.20,0.5237,0.5240,0.5354,0.4049,0.4011,0.4002
17.30,0.5231,0.5246,0.5348,0.4047,0.4011,0.4012
17.40,0.5252,0.5254,0.5342,0.4039,0.4034,0.3996
17.50,0.5228,0.5270,0.5331,0.4035,0.4013,0.3988
17.60,0.5250,0.5236,0.534,0.4045,0.3997,0.4011
17.70,0.5232,0.5242,0.5332,0.4058,0.4179,0.4048
17.80,0.5240,0.5241,0.532,0.407,0.4203,0.4023
17.90,0.5246,0.5240,0.5335,0.4099,0.4112,0.4009
18.00,0.5233,0.5238,0.5334,0.4127,0.41,0.401
18.10,0.5241,0.5240,0.5338,0.4131,0.4103,0.3996
18.20,0.5245,0.5256,0.5327,0.4135,0.4119,0.3997
18.30,0.5227,0.5307,0.5345,0.412,0.4106,0.4014
18.40,0.5231,0.5291,0.5363,0.4081,0.4103,0.4017
18.50,0.5228,0.5260,0.5336,0.4087,0.4121,0.4018
18.60,0.5240,0.5261,0.5346,0.4096,0.412,0.4099
18.70,0.5235,0.5277,0.5343,0.4095,0.409,0.4128
18.80,0.5240,0.5253,0.5333,0.4107,0.4101,0.4117
18.90,0.5243,0.5230,0.5333,0.4118,0.4137,0.4128
19.00,0.5233,0.5238,0.5332,0.4116,0.4064,0.4076
19.10,0.5236,0.5250,0.5329,0.4111,0.4013,0.4022
19.20,0.5247,0.5233,0.5336,0.4136,0.4034,0.4059
19.30,0.5232,0.5222,0.5334,0.4123,0.4044,0.418
19.40,0.5241,0.5236,0.5322,0.4154,0.4198,0.4011
19.50,0.5221,0.5256,0.533,0.4784,0.4201,0.4303
19.60,0.5224,0.5240,0.5361,0.4479,0.4618,0.4311
19.70,0.5237,0.5224,0.5354,0.4203,0.4549,0.4
19.80,0.5242,0.5222,0.5348,0.4794,0.4095,0.4406
19.90,0.5241,0.5228,0.5368,0.4108,0.4118,0.4547
20.00,0.5251,0.5222,0.5377,0.4061,0.4117,0.408
20.10,0.5239,0.5223,0.5355,0.4057,0.41,0.4055
20.20,0.5241,0.5225,0.5345,0.4063,0.4129,0.4184
20.30,0.5240,0.5224,0.5307,0.4074,0.4118,0.3993
20.40,0.5237,0.5223,0.5299,0.4077,0.411,0.4026
20.50,0.5240,0.5226,0.5301,0.4067,0.4098,0.41
20.60,0.5240,0.5233,0.5295,0.4088,0.411,0.4119
20.70,0.5268,0.5229,0.5287,0.4081,0.4109,0.4134
20.80,0.5237,0.5250,0.5256,0.4076,0.4124,0.4109
20.90,0.5250,0.5257,0.5271,0.4083,0.4107,0.4126
21.00,0.5228,0.5255,0.5272,0.4062,0.407,0.4135
21.10,0.5243,0.5264,0.5246,0.4059,0.4162,0.4108
21.20,0.5238,0.5261,0.5253,0.4062,0.4069,0.4032
21.30,0.5234,0.5282,0.5246,0.4066,0.4007,0.4025
21.40,0.5226,0.5280,0.5241,0.4066,0.4013,0.401
21.50,0.5247,0.5268,0.5254,0.4059,0.4032,0.4008
21.60,0.5238,0.5268,0.5249,0.4062,0.402,0.4015
21.70,0.5256,0.5249,0.5248,0.4058,0.402,0.4005
21.80,0.5234,0.5246,0.5225,0.4054,0.4051,0.3996
21.90,0.5235,0.5255,0.523,0.4063,0.4088,0.4022
22.00,0.5236,0.5242,0.5251,0.4066,0.4114,0.4095
22.10,0.5242,0.5246,0.526,0.4076,0.411,0.4117
22.20,0.5234,0.5251,0.5265,0.4059,0.4098,0.413
22.30,0.5227,0.5247,0.5248,0.4042,0.4109,0.4115
22.40,0.5245,0.5239,0.5252,0.4038,0.4117,0.4137
22.50,0.5211,0.5239,0.5247,0.4043,0.4102,0.4135
22.60,0.5214,0.5241,0.5251,0.4053,0.4108,0.4161
22.70,0.5237,0.5234,0.5241,0.405,0.4268,0.4167
22.80,0.5233,0.5235,0.5246,0.4124,0.4754,0.4023
22.90,0.5240,0.5223,0.5248,0.4793,0.4406,0.4377
23.00,0.5233,0.5227,0.5234,0.4361,0.4619,0.4234
23.10,0.5242,0.5272,0.5263,0.429,0.4235,0.4012
23.20,0.5240,0.5244,0.5254,0.4691,0.4011,0.4529
23.30,0.5239,0.5243,0.5293,0.4067,0.4015,0.4539
23.40,0.5241,0.5249,0.5294,0.4061,0.4018,0.4159
23.50,0.5234,0.5237,0.5276,0.4077,0.4025,0.4178
23.60,0.5245,0.5248,0.53,0.408,0.4013,0.4302
23.70,0.5247,0.5240,0.5267,0.4086,0.4015,0.4123
23.80,0.5236,0.5245,0.5253,0.4068,0.4064,0.4137
23.90,0.5224,0.5248,0.525,0.4049,0.4105,0.411
24.00,0.5244,0.5258,0.5253,0.4057,0.4113,0.4058
24.10,0.5246,0.5243,0.5252,0.4065,0.4107,0.4028
24.20,0.5219,0.5236,0.524,0.4053,0.4107,0.4035
24.30,0.5236,0.5219,0.5249,0.4062,0.4117,0.4013
24.40,0.5214,0.5212,0.525,0.405,0.4107,0.4037
24.50,0.5196,0.5280,0.5265,0.4072,0.4305,0.4037
24.60,0.5206,0.5247,0.525,0.4046,0.4146,0.3997
24.70,0.5242,0.5244,0.5244,0.4057,0.4114,0.4034
24.80,0.5239,0.5254,0.5219,0.4067,0.4088,0.4079
24.90,0.5242,0.5237,0.5243,0.404,0.4131,0.4123
25.00,0.5236,0.5250,0.5246,0.4028,0.4115,0.412
25.10,0.5236,0.5256,0.5256,0.4029,0.4045,0.4146
25.20,0.5238,0.5253,0.5249,0.4017,0.4019,0.4121
25.30,0.5239,0.5241,0.5257,0.4044,0.4021,0.413
25.40,0.5233,0.5240,0.5251,0.4119,0.4014,0.411
25.50,0.5269,0.5239,0.5249,0.4126,0.4015,0.406
25.60,0.5240,0.5233,0.5252,0.4119,0.4031,0.4024
25.70,0.5229,0.5239,0.5255,0.4059,0.4023,0.4024
25.80,0.5233,0.5237,0.5297,0.403,0.4014,0.4008
25.90,0.5239,0.5227,0.5309,0.4034,0.4243,0.4009
26.00,0.5236,0.5253,0.5276,0.4036,0.4305,0.4101
26.10,0.5237,0.5263,0.5243,0.4044,0.4202,0.4106
26.20,0.5241,0.5256,0.5222,0.4197,0.4802,0.4017
26.30,0.5233,0.5260,0.5199,0.4829,0.4287,0.4594
26.40,0.5242,0.5264,0.5281,0.4262,0.4719,0.4297
26.50,0.5239,0.5279,0.5245,0.4404,0.4189,0.4149
26.60,0.5237,0.5271,0.5207,0.4624,0.4117,0.4802
26.70,0.5235,0.5281,0.5312,0.4063,0.412,0.4489
26.80,0.5264,0.5255,0.5214,0.4072,0.4108,0.4099
26.90,0.5228,0.5247,0.5224,0.41,0.41,0.4127
27.00,0.5242,0.5251,0.5309,0.4128,0.4088,0.4142
27.10,0.5240,0.5243,0.5208,0.4134,0.4031,0.4011
27.20,0.5266,0.5248,0.5261,0.413,0.4013,0.4012
27.30,0.5217,0.5252,0.5306,0.4115,0.4012,0.4011
27.40,0.5237,0.5247,0.5295,0.4089,0.4017,0.4007
27.50,0.5233,0.5250,0.5293,0.41,0.4016,0.3991
27.60,0.5243,0.5244,0.5301,0.4103,0.4053,0.4047
27.70,0.5239,0.5241,0.5252,0.4109,0.4031,0.4103
27.80,0.5236,0.5240,0.5259,0.4115,0.4036,0.4118
27.90,0.5239,0.5233,0.5252,0.412,0.4296,0.4113
28.00,0.5222,0.5235,0.5262,0.4112,0.4117,0.4132
28.10,0.5265,0.5224,0.5263,0.4112,0.4108,0.4122
28.20,0.5253,0.5254,0.5285,0.4119,0.41,0.4137
28.30,0.5254,0.5248,0.5294,0.412,0.4117,0.4077
28.40,0.5228,0.5243,0.5265,0.4101,0.4119,0.4032
28.50,0.5274,0.5243,0.5252,0.4062,0.4105,0.4031
28.60,0.5269,0.5237,0.5253,0.4044,0.4104,0.4011
28.70,0.5273,0.5241,0.5225,0.4068,0.4132,0.4011
28.80,0.5240,0.5250,0.5228,0.4072,0.4103,0.4014
28.90,0.5217,0.5244,0.5243,0.4063,0.4088,0.4005
29.00,0.5218,0.5251,0.5208,0.4051,0.4109,0.3994
29.10,0.5224,0.5253,0.5317,0.4052,0.4097,0.4046
29.20,0.5216,0.5252,0.5218,0.4049,0.4031,0.4103
29.30,0.5221,0.5239,0.5207,0.4056,0.4211,0.4182
29.40,0.5218,0.5227,0.5335,0.4072,0.4205,0.4335
29.50,0.5219,0.5226,0.5213,0.4078,0.4205,0.4802
29.60,0.5214,0.5236,0.5236,0.4291,0.5014,0.4192
29.70,0.5215,0.5291,0.5305,0.4907,0.4112,0.4156
29.80,0.5218,0.5241,0.5208,0.4209,0.4227,0.4401
29.90,0.5216,0.5233,0.5281,0.457,0.4117,0.4056
30.00,0.5201,0.5237,0.5291,0.4507,0.4109,0.4297
30.10,0.5264,0.5249,0.5297,0.4069,0.4118,0.4289
30.20,0.5287,0.5244,0.5293,0.4063,0.4104,0.4011
30.30,0.5296,0.5246,0.5292,0.4069,0.4102,0.411
30.40,0.5258,0.5243,0.525,0.4063,0.4121,0.412
30.50,0.5274,0.5242,0.5263,0.4063,0.4111,0.4125
30.60,0.5270,0.5241,0.525,0.4105,0.4116,0.4117
30.70,0.5304,0.5235,0.5262,0.4058,0.412,0.4123
30.80,0.5275,0.5236,0.5238,0.4054,0.4123,0.4145
30.90,0.5238,0.5243,0.5252,0.4066,0.4097,0.4129
31.00,0.5235,0.5266,0.5251,0.4069,0.4111,0.4121
31.10,0.5230,0.5244,0.5254,0.4073,0.4067,0.4122
31.20,0.5218,0.5262,0.5255,0.4053,0.4055,0.4045
31.30,0.5236,0.5263,0.5254,0.4044,0.4189,0.4028
31.40,0.5231,0.5259,0.5256,0.4042,0.4013,0.4017
31.50,0.5232,0.5264,0.53,0.4043,0.4009,0.4005
31.60,0.5233,0.5276,0.5286,0.4054,0.4027,0.4017
31.70,0.5237,0.5274,0.5266,0.4049,0.4036,0.4012
31.80,0.5226,0.5275,0.5382,0.4037,0.4017,0.3995
31.90,0.5243,0.5269,0.5281,0.4047,0.4039,0.4012
32.00,0.5239,0.5258,0.5293,0.405,0.4084,0.4087
32.10,0.5228,0.5248,0.5386,0.4053,0.4109,0.4107
32.20,0.5181,0.5245,0.5263,0.4057,0.4142,0.4118
32.30,0.5216,0.5254,0.5296,0.4074,0.4112,0.4135
32.40,0.5254,0.5249,0.5339,0.4076,0.4154,0.413
32.50,0.5236,0.5239,0.526,0.408,0.4323,0.4123
32.60,0.5245,0.5260,0.5341,0.4069,0.431,0.4115
32.70,0.5240,0.5248,0.5339,0.4053,0.411,0.4049
32.80,0.5270,0.5245,0.5345,0.4053,0.4332,0.426
32.90,0.5250,0.5250,0.5345,0.4054,0.44,0.4534
33.00,0.5234,0.5227,0.533,0.4387,0.4886,0.4035
33.10,0.5257,0.5232,0.5307,0.4798,0.4059,0.4176
33.20,0.5259,0.5254,0.5317,0.417,0.4219,0.4447
33.30,0.5253,0.5249,0.5346,0.4663,0.4014,0.4017
33.40,0.5250,0.5253,0.531,0.4349,0.4019,0.4282
33.50,0.5257,0.5252,0.5295,0.4044,0.401,0.4383
33.60,0.5253,0.5247,0.5297,0.4031,0.4032,0.413
33.70,0.5261,0.5234,0.5303,0.4034,0.4034,0.4286
33.80,0.5263,0.5241,0.5317,0.4042,0.4016,0.4189
33.90,0.5232,0.5250,0.5312,0.4043,0.4051,0.413
34.00,0.5243,0.5248,0.5307,0.4049,0.4097,0.4069
34.10,0.5238,0.5253,0.5283,0.414,0.4105,0.4029
34.20,0.5247,0.5245,0.5287,0.4061,0.4111,0.4029
34.30,0.5255,0.5241,0.5269,0.4037,0.4113,0.4008
34.40,0.5233,0.5218,0.5246,0.4042,0.4192,0.4014
34.50,0.5252,0.5217,0.5394,0.4065,0.4259,0.4013
34.60,0.5234,0.5262,0.5294,0.4062,0.4118,0.3999
34.70,0.5252,0.5265,0.5321,0.4079,0.412,0.4014
34.80,0.5249,0.5250,0.5388,0.4107,0.4112,0.4055
34.90,0.5234,0.5303,0.5277,0.4123,0.4108,0.4112
35.00,0.5243,0.5269,0.5332,0.4136,0.4091,0.4147
35.10,0.5240,0.5227,0.5328,0.4137,0.4107,0.4135
35.20,0.5231,0.5265,0.528,0.4115,0.4081,0.4157
35.30,0.5238,0.5230,0.5356,0.4098,0.404,0.4132
35.40,0.5228,0.5238,0.5376,0.4099,0.4013,0.4131
35.50,0.5240,0.5303,0.5357,0.4103,0.4011,0.4074
35.60,0.5233,0.5274,0.5351,0.4109,0.4008,0.403
35.70,0.5244,0.5307,0.533,0.4116,0.4085,0.4024
35.80,0.5276,0.5285,0.536,0.4115,0.4238,0.4015
35.90,0.5241,0.5254,0.5357,0.4113,0.418,0.4013
36.00,0.5245,0.5272,0.535,0.4115,0.4046,0.4362
36.10,0.5258,0.5264,0.5361,0.4117,0.4414,0.4244
36.20,0.5235,0.5252,0.5343,0.4119,0.4687,0.4026
36.30,0.5238,0.5245,0.535,0.409,0.4329,0.4484
36.40,0.5223,0.5236,0.5352,0.4534,0.4581,0.4401
36.50,0.5226,0.5240,0.5357,0.4734,0.4105,0.4256
36.60,0.5237,0.5244,0.5354,0.4109,0.4114,0.4522
36.70,0.5244,0.5240,0.5354,0.476,0.4103,0.4274
36.80,0.5243,0.5237,0.5322,0.4256,0.4124,0.4098
36.90,0.5243,0.5235,0.5338,0.4047,0.41,0.4225
37.00,0.5244,0.5220,0.531,0.4054,0.4104,0.4047
37.10,0.5243,0.5218,0.5308,0.4067,0.4095,0.4036
37.20,0.5243,0.5214,0.5412,0.4075,0.4053,0.4012
37.30,0.5239,0.5263,0.5295,0.407,0.4022,0.401
37.40,0.5245,0.5251,0.5346,0.4076,0.4016,0.401
37.50,0.5272,0.5230,0.539,0.4079,0.4014,0.3996
37.60,0.5240,0.5270,0.5309,0.408,0.4014,0.4024
37.70,0.5239,0.5232,0.5383,0.4068,0.4025,0.4093
37.80,0.5248,0.5236,0.531,0.4061,0.4138,0.4127
37.90,0.5254,0.5288,0.5291,0.4056,0.4143,0.4115
38.00,0.5249,0.5242,0.5379,0.4053,0.4061,0.4125
38.10,0.5231,0.5253,0.5337,0.4101,0.4084,0.4129
38.20,0.5236,0.5309,0.5396,0.4065,0.4113,0.4133
38.30,0.5233,0.5293,0.5365,0.4064,0.4112,0.4104
38.40,0.5299,0.5293,0.5339,0.4064,0.4106,0.4041
38.50,0.5249,0.5289,0.5326,0.4056,0.4106,0.4023
38.60,0.5251,0.5253,0.5318,0.4058,0.4116,0.4021
38.70,0.5233,0.5247,0.5314,0.4056,0.412,0.4009
38.80,0.5237,0.5250,0.5329,0.4102,0.4102,0.4013
38.90,0.5237,0.5248,0.5406,0.4082,0.4105,0.4008
39.00,0.5244,0.5241,0.5431,0.4065,0.4109,0.3996
39.10,0.5233,0.5239,0.5341,0.4083,0.4193,0.4025
39.20,0.5260,0.5246,0.5324,0.4055,0.4298,0.4091
39.30,0.5261,0.5240,0.5312,0.404,0.4152,0.4143
39.40,0.5242,0.5241,0.5312,0.4047,0.4025,0.4558
39.50,0.5250,0.5243,0.5286,0.4051,0.4408,0.4282
39.60,0.5285,0.5239,0.5299,0.4042,0.4434,0.4386
39.70,0.5277,0.5231,0.5279,0.4045,0.4206,0.4385
39.80,0.5282,0.5216,0.5296,0.465,0.4232,0.4356
39.90,0.5273,0.5226,0.5382,0.4612,0.4041,0.4093
40.00,0.5245,0.5266,0.5282,0.4125,0.4061,0.4012
40.10,0.5241,0.5234,0.5317,0.4823,0.4096,0.4161
40.20,0.5243,0.5231,0.5329,0.4184,0.4109,0.4015
40.30,0.5244,0.5264,0.5278,0.4077,0.4113,0.4007
40.40,0.5241,0.5226,0.5356,0.4062,0.4105,0.3995
40.50,0.5238,0.5242,0.5315,0.4058,0.4114,0.4032
40.60,0.5239,0.5247,0.5293,0.4055,0.411,0.4097
40.70,0.5235,0.5230,0.5381,0.4063,0.4111,0.4122
40.80,0.5227,0.5276,0.5351,0.4051,0.4115,0.4124
40.90,0.5246,0.5294,0.536,0.409,0.411,0.4124
41.00,0.5247,0.5287,0.5371,0.4121,0.424,0.4125
41.10,0.5220,0.5289,0.5356,0.4134,0.418,0.4141
41.20,0.5233,0.5269,0.5313,0.4094,0.4074,0.4096
41.30,0.5218,0.5251,0.5315,0.4059,0.4056,0.4031
41.40,0.5198,0.5247,0.5321,0.404,0.4026,0.4026
41.50,0.5210,0.5251,0.5324,0.4029,0.4009,0.401
41.60,0.5246,0.5246,0.5309,0.4032,0.4013,0.401
41.70,0.5245,0.5237,0.5318,0.4028,0.4034,0.4013
41.80,0.5244,0.5240,0.5314,0.4031,0.4022,0.4006
41.90,0.5238,0.5247,0.5326,0.4027,0.4016,0.3992
42.00,0.5239,0.5249,0.5326,0.4028,0.4044,0.4034
42.10,0.5241,0.5252,0.5321,0.4032,0.4063,0.4099
42.20,0.5242,0.5239,0.5287,0.4033,0.4096,0.4124
42.30,0.5249,0.5226,0.5294,0.4035,0.4243,0.4127
42.40,0.5261,0.5217,0.5282,0.4023,0.4355,0.4121
42.50,0.5240,0.5217,0.5396,0.4049,0.4192,0.4125
42.60,0.5236,0.5242,0.5478,0.4072,0.4121,0.4438
42.70,0.5265,0.5268,0.537,0.4123,0.4517,0.4221
42.80,0.5242,0.5227,0.5398,0.4114,0.4399,0.417
42.90,0.5239,0.5252,0.5376,0.4136,0.4465,0.4405
43.00,0.5244,0.5248,0.5337,0.4106,0.4207,0.4213
43.10,0.5245,0.5227,0.5439,0.4168,0.4343,0.4196
43.20,0.5240,0.5266,0.5371,0.4885,0.4213,0.4377
43.30,0.5245,0.5232,0.5365,0.4529,0.4039,0.4064
43.40,0.5241,0.5240,0.5445,0.4236,0.4014,0.4146
43.50,0.5240,0.5304,0.5398,0.4758,0.4012,0.4265
43.60,0.5246,0.5285,0.5518,0.4087,0.4023,0.412
43.70,0.5263,0.5300,0.5464,0.403,0.4067,0.4126
43.80,0.5232,0.5291,0.5402,0.4039,0.4013,0.4127
43.90,0.5246,0.5270,0.5383,0.4027,0.4028,0.4132
44.00,0.5240,0.5248,0.5324,0.4038,0.4055,0.4122
44.10,0.5254,0.5250,0.5337,0.4059,0.4066,0.4055
44.20,0.5231,0.5252,0.5318,0.4108,0.431,0.4034
44.30,0.5232,0.5246,0.532,0.4106,0.4142,0.4022
44.40,0.5241,0.5240,0.5314,0.4137,0.4109,0.4007
44.50,0.5244,0.5259,0.5323,0.4107,0.4107,0.4015
44.60,0.5243,0.5265,0.5327,0.4133,0.4132,0.4039
44.70,0.5242,0.5246,0.5308,0.4105,0.4113,0.4017
44.80,0.5234,0.5236,0.5311,0.4126,0.4125,0.4013
44.90,0.5231,0.5232,0.5288,0.4122,0.411,0.408
45.00,0.5270,0.5236,0.5306,0.4119,0.4104,0.4104
45.10,0.5258,0.5205,0.5287,0.4065,0.4109,0.4118
45.20,0.5247,0.5225,0.5334,0.4056,0.4099,0.4125
45.30,0.5237,0.5262,0.5355,0.403,0.4065,0.4127
45.40,0.5291,0.5261,0.5292,0.4032,0.4052,0.4131
45.50,0.5260,0.5226,0.537,0.4034,0.4024,0.4117
45.60,0.5249,0.5262,0.5316,0.4022,0.4171,0.4056
45.70,0.5210,0.5242,0.5295,0.4052,0.4192,0.4028
45.80,0.5219,0.5236,0.5388,0.4075,0.4081,0.4192
45.90,0.5233,0.5261,0.5299,0.4106,0.4303,0.412
46.00,0.5223,0.5233,0.5321,0.4125,0.4252,0.4315
46.10,0.5221,0.5245,0.5399,0.4139,0.464,0.4306
46.20,0.5222,0.5300,0.5361,0.4101,0.415,0.4123
46.30,0.5220,0.5300,0.537,0.4141,0.4269,0.4269
46.40,0.5221,0.5291,0.5383,0.41,0.419,0.4107
46.50,0.5224,0.5289,0.5332,0.4224,0.4301,0.4405
46.60,0.5221,0.5260,0.5342,0.4805,0.4131,0.4553
46.70,0.5206,0.5249,0.5333,0.4362,0.4121,0.4178
46.80,0.5216,0.5253,0.5334,0.431,0.4111,0.4215
46.90,0.5247,0.5252,0.5341,0.4659,0.41,0.4194
47.00,0.5280,0.5243,0.5327,0.4064,0.4118,0.4037
47.10,0.5261,0.5240,0.533,0.4039,0.4115,0.4028
47.20,0.5257,0.5249,0.5338,0.4031,0.4071,0.4015
47.30,0.5277,0.5244,0.5339,0.4059,0.4057,0.4007
47.40,0.5271,0.5243,0.5331,0.4098,0.4043,0.4015
47.50,0.5263,0.5242,0.5313,0.4105,0.4019,0.4001
47.60,0.5243,0.5217,0.5302,0.4122,0.4205,0.4007
47.70,0.5242,0.5210,0.5313,0.4116,0.403,0.4047
47.80,0.5236,0.5231,0.5278,0.4124,0.4024,0.4092
47.90,0.5233,0.5223,0.5354,0.4115,0.4016,0.4108
48.00,0.5220,0.5266,0.5329,0.4117,0.4033,0.4129
48.10,0.5239,0.5242,0.5291,0.4119,0.4065,0.413
48.20,0.5234,0.5232,0.538,0.4123,0.4089,0.4126
48.30,0.5235,0.5259,0.5297,0.4072,0.41,0.412
48.40,0.5235,0.5232,0.5306,0.4061,0.4112,0.4095
48.50,0.5237,0.5238,0.538,0.4038,0.4143,0.4038
48.60,0.5227,0.5260,0.5292,0.4027,0.4123,0.4029
48.70,0.5244,0.5230,0.5339,0.4039,0.4108,0.4014
48.80,0.5244,0.5279,0.5375,0.4026,0.4117,0.4008
48.90,0.5231,0.5298,0.538,0.4044,0.4115,0.4016
49.00,0.5184,0.5286,0.5364,0.4062,0.431,0.4004
49.10,0.5213,0.5279,0.5367,0.4111,0.4306,0.4011
49.20,0.5243,0.5269,0.5343,0.4098,0.4129,0.4267
49.30,0.5239,0.5249,0.5336,0.4142,0.4431,0.4241
49.40,0.5245,0.5252,0.5325,0.4102,0.4204,0.4512
49.50,0.5243,0.5248,0.5344,0.4139,0.452,0.4667
49.60,0.5239,0.5248,0.5322,0.4099,0.4103,0.4201
49.70,0.5235,0.5243,0.5331,0.4303,0.4216,0.4154
49.80,0.5242,0.5238,0.5339,0.4555,0.406,0.428
49.90,0.5258,0.5243,0.5333,0.4126,0.4233,0.4478
50.00,0.5263,0.5244,0.5334,0.4385,0.4074,0.4128
50.10,0.5259,0.5240,0.5339,0.4401,0.407,0.4134
50.20,0.5256,0.5238,0.53,0.4359,0.4078,0.4136
50.30,0.5262,0.5219,0.5304,0.437,0.4108,
50.40,0.5260,0.5212,0.531,0.4034,0.4119,
50.50,0.5263,0.5217,0.5281,0.4061,0.4107,
50.60,0.5263,0.5233,0.5378,0.4098,0.4112,
50.70,0.5239,0.5259,0.5312,0.4126,0.4111,
50.80,0.5240,0.5240,0.5304,0.4129,0.41,
50.90,0.5249,0.5244,0.5384,0.4114,0.4143,
51.00,0.5260,0.5252,0.5298,0.4124,0.4277,
51.10,0.5257,0.5231,0.5324,0.4136,0.4099,
51.20,0.5277,0.5269,0.5379,0.4122,0.4113,
51.30,0.5290,0.5266,0.5302,0.4122,0.4079,
51.40,0.5282,0.5239,0.5355,0.412,0.405,
51.50,0.5244,0.5295,0.5375,0.4129,0.4045,
51.60,0.5257,0.5286,0.5363,0.4059,0.4022,
51.70,0.5245,0.5301,0.5375,0.4043,0.4006,
51.80,0.5235,0.5275,0.5372,0.4028,0.4029,
51.90,0.5250,0.5268,0.5324,0.4038,0.4027,
52.00,0.5233,0.5249,0.5353,0.4024,0.4011,
52.10,0.5237,0.5252,0.5371,0.4042,0.4083,
52.20,0.5236,0.5250,0.5343,0.4064,0.4325,
52.30,0.5243,0.5247,0.5337,0.4111,0.4288,
52.40,0.5242,0.5294,0.5333,0.4095,0.4109,
52.50,0.5236,0.5246,0.5331,0.4144,0.4319,
52.60,0.5246,0.5246,0.5341,0.4098,0.433,
52.70,0.5240,0.5245,0.5342,0.4142,0.4806,
52.80,0.5236,0.5240,0.5333,0.41,0.4119,
52.90,0.5242,0.5222,0.5305,0.4128,0.4091,
53.00,0.5241,0.5216,0.5317,0.4121,0.4121,
53.10,0.5244,0.5208,0.5303,0.4338,0.4339,
53.20,0.5233,0.5223,0.529,0.4484,0.4134,
53.30,0.5239,0.5257,0.5381,0.4068,0.4219,
53.40,0.5241,0.5269,0.5307,0.4448,0.4056,
53.50,0.5241,0.5232,0.5316,0.4285,0.4029,
53.60,0.5245,0.5263,0.5374,0.4461,0.402,
53.70,0.5242,0.5243,0.5284,0.4312,0.4017,
53.80,0.5247,0.5226,0.5343,0.4102,0.4014,
53.90,0.5246,0.5260,0.5359,0.41,0.4012,
54.00,0.5244,0.5256,0.5301,0.4135,0.4025,
54.10,0.5240,0.5244,0.5369,0.4111,0.413,
54.20,0.5247,0.5303,0.5366,0.4132,0.4219,
54.30,0.5239,0.5290,0.5368,0.4112,0.4074,
54.40,0.5243,0.5282,0.5384,0.4118,0.4116,
54.50,0.5244,0.5289,0.5369,0.4129,0.4117,
54.60,0.5244,0.5256,0.5359,0.4107,0.4098,
54.70,0.5239,0.5250,0.5354,0.407,0.411,
54.80,0.5245,0.5252,0.5341,0.4064,0.4124,
54.90,0.5234,0.5247,0.5364,0.4036,0.411,
55.00,0.5240,0.5242,0.5342,0.4032,0.4104,
55.10,0.5233,0.5242,0.5355,0.4035,0.4114,
55.20,0.5242,0.5247,0.5359,0.4033,0.4116,
55.30,0.5256,0.5245,0.5345,0.4056,0.4084,
55.40,0.5243,0.5258,0.5349,0.4077,0.4135,
55.50,0.5234,0.5251,0.5352,0.411,0.4246,
55.60,0.5236,0.5228,0.5355,0.4101,0.4198,
55.70,0.5246,0.5223,0.5333,0.4141,0.4183,
55.80,0.5241,0.5227,0.529,0.4092,0.4126,
55.90,0.5232,0.5260,0.528,0.4152,0.4309,
56.00,0.5236,0.5271,0.5363,0.409,0.4255,
56.10,0.5266,0.5235,0.5277,0.4143,0.4254,
56.20,0.5201,0.5242,0.536,0.4116,0.4047,
56.30,0.5233,0.5255,0.5348,0.4097,0.4084,
56.40,0.5241,0.5244,0.5269,0.406,0.4146,
56.50,0.5254,0.5231,0.533,0.4424,0.4311,
56.60,0.5277,0.5269,0.5328,0.4656,0.4174,
56.70,0.5281,0.5236,0.5292,0.4157,0.4262,
56.80,0.5283,0.5275,0.5362,0.4603,0.4122,
56.90,0.5287,0.5298,0.5349,0.4183,0.4115,
57.00,0.5286,0.5302,0.5359,0.4258,0.41,
57.10,0.5287,0.5279,0.5358,0.4178,0.4123,
57.20,0.5285,0.5272,0.5338,0.4148,0.412,
57.30,0.5282,0.5250,0.5334,0.4092,0.4125,
57.40,0.5263,0.5249,0.5405,0.4145,0.4129,
57.50,0.5225,0.5257,0.538,0.4095,0.4233,
57.60,0.5241,0.5292,0.5296,0.4133,0.4264,
57.70,0.5243,0.5282,0.5293,0.4117,0.407,
57.80,0.5239,0.5303,0.5292,0.4111,0.4114,
57.90,0.5232,0.5247,0.529,0.4062,0.4137,
58.00,0.5223,0.5246,0.5311,0.4064,,
58.10,0.5219,0.5244,0.5296,0.4031,,
58.20,0.5196,0.5227,0.528,0.4034,,
58.30,0.5228,0.5216,0.5276,0.4034,,
58.40,0.5244,0.5204,0.527,0.402,,
58.50,0.5244,0.5230,0.5259,0.4061,,
58.60,0.5241,0.5231,0.5274,0.4078,,
58.70,0.5239,0.5253,0.5338,0.4111,,
58.80,0.5241,0.5239,0.5253,0.4107,,
58.90,0.5244,0.5234,0.5303,0.4137,,
59.00,0.5236,0.5257,0.532,0.4107,,
59.10,0.5238,0.5225,0.525,0.4137,,
59.20,0.5244,0.5248,0.5318,0.4106,,
59.30,0.5276,0.5256,0.5295,0.4129,,
59.40,0.5244,0.5238,0.5266,0.412,,
59.50,0.5236,0.5286,0.5341,0.4091,,
59.60,0.5244,0.5293,0.5322,0.4059,,
59.70,0.5243,0.5289,0.5332,0.4137,,
59.80,0.5237,0.5284,0.5328,0.4167,,
59.90,0.5257,0.5270,0.5311,0.4454,,
60.00,0.5230,0.5248,0.5302,0.4895,,
60.10,0.5250,0.5253,0.5296,0.4255,,
60.20,0.5248,0.5250,0.5309,0.4484,,
60.30,0.5262,0.5247,0.5298,0.4155,,
60.40,0.5234,0.5241,0.5302,0.4132,,
60.50,0.5231,0.5247,0.5293,0.4103,,
60.60,0.5240,0.5247,0.5292,0.4137,,
60.70,0.5245,0.5246,0.5307,0.4095,,
60.80,0.5242,0.5239,0.5291,0.4143,,
60.90,0.5240,0.5225,0.5276,0.4119,,
61.00,0.5236,0.5212,0.5274,0.4103,,
61.10,0.5239,0.5212,0.5283,0.4063,,
61.20,0.5240,0.5236,0.5257,0.4051,,
61.30,0.5226,0.5251,0.5284,0.403,,
61.40,0.5247,0.5249,0.5331,0.4033,,
61.50,0.5264,0.5233,0.5253,0.4032,,
61.60,0.5255,0.5251,0.5309,0.4032,,
61.70,0.5258,0.5261,0.5307,0.4065,,
61.80,0.5288,0.5219,0.5265,0.4081,,
61.90,0.5271,0.5267,0.5327,0.4111,,
62.00,0.5262,0.5246,0.5288,0.4114,,
62.10,0.5249,0.5248,0.5292,0.4126,,
62.20,0.5246,0.5301,0.5354,0.4112,,
62.30,0.5241,0.5296,0.5348,0.4128,,
62.40,0.5236,0.5284,0.5366,0.4108,,
62.50,0.5220,0.5289,0.5465,0.413,,
62.60,0.5239,0.5256,0.5438,0.411,,
62.70,0.5236,0.5248,0.5365,0.4087,,
62.80,0.5230,0.5253,0.5356,0.4065,,
62.90,0.5236,0.5259,0.5374,0.4042,,
63.00,0.5239,0.5244,0.5381,0.403,,
63.10,0.5233,0.5243,0.5387,0.4148,,
63.20,0.5240,0.5247,0.5394,0.4148,,
63.30,0.5244,0.5247,0.5402,0.4671,,
63.40,0.5234,0.5244,0.5402,0.4903,,
63.50,0.5191,0.5251,0.5375,0.4243,,
63.60,0.5210,0.5219,0.529,0.4537,,
63.70,0.5242,0.5216,0.5274,0.4119,,
63.80,0.5242,0.5223,0.5283,0.4129,,
63.90,0.5256,0.5221,0.5254,0.4097,,
64.00,0.5264,0.5254,0.5295,0.4137,,
64.10,0.5241,0.5247,0.5324,0.4101,,
64.20,0.5235,0.5230,0.5263,0.4105,,
64.30,0.5236,0.5258,0.5319,0.4062,,
64.40,0.5255,0.5246,0.5303,0.4049,,
64.50,0.5265,0.5228,0.5268,0.4031,,
64.60,0.5259,0.5264,0.5335,0.4033,,
64.70,0.5259,0.5266,0.5275,0.4035,,
64.80,0.5260,0.5282,0.529,0.4036,,
64.90,0.5259,0.5296,0.5349,0.4066,,
65.00,0.5264,0.5293,0.5312,0.4079,,
65.10,0.5258,0.5281,0.5343,0.4113,,
65.20,0.5241,0.5281,0.5328,0.4115,,
65.30,0.5234,0.5245,0.5306,0.4127,,
65.40,0.5245,0.5249,0.5291,0.4113,,
65.50,0.5235,0.5248,0.5291,0.4127,,
65.60,0.5247,0.5250,0.531,0.4109,,
65.70,0.5247,0.5241,0.5293,0.4126,,
65.80,0.5248,0.5240,0.5289,0.4111,,
65.90,0.5248,0.5246,0.5299,0.4079,,
66.00,0.5237,0.5244,0.53,0.4067,,
66.10,0.5245,0.5238,0.5302,0.4039,,
66.20,0.5250,0.5231,0.5291,0.403,,
66.30,0.5240,0.5229,0.5275,0.4054,,
66.40,0.5244,0.5205,0.5274,0.4032,,
66.50,0.5235,0.5232,0.5279,0.4351,,
66.60,0.5247,0.5240,0.5254,0.4329,,
66.70,0.5243,0.5253,0.5308,0.4794,,
66.80,0.5263,0.5272,0.5324,0.4932,,
66.90,0.5248,0.5237,0.5254,0.4184,,
67.00,0.5240,0.5256,0.5323,0.4351,,
67.10,0.5242,0.5233,0.5289,0.4106,,
67.20,0.5252,0.5241,0.5265,0.4125,,
67.30,0.5262,0.5269,0.5334,0.4111,,
67.40,0.5290,0.5232,0.527,0.4083,,
67.50,0.5266,0.5282,0.5287,0.4066,,
67.60,0.5246,0.5295,0.5347,0.4039,,
67.70,0.5219,0.5285,0.5324,0.4031,,
67.80,0.5236,0.5297,0.5334,0.4035,,
67.90,0.5242,0.5264,0.5334,0.4032,,
68.00,0.5244,0.5246,0.53,0.404,,
68.10,0.5246,0.5252,0.5295,0.407,,
68.20,0.5250,0.5248,0.529,0.4092,,
68.30,0.5256,0.5248,0.5308,0.4108,,
68.40,0.5243,0.5243,0.5293,0.4129,,
68.50,0.5244,0.5254,0.5364,0.4111,,
68.60,0.5242,0.5257,0.5371,0.4126,,
68.70,0.5277,0.5245,0.5331,0.4113,,
68.80,0.5241,0.5238,0.5307,0.4122,,
68.90,0.5241,0.5232,0.5291,0.4117,,
69.00,0.5241,0.5209,0.5272,0.4111,,
69.10,0.5248,0.5207,0.5273,0.4065,,
69.20,0.5238,0.5232,0.5276,0.4065,,
69.30,0.5250,0.5240,0.5248,0.4035,,
69.40,0.5235,0.5257,0.5309,0.403,,
69.50,0.5241,0.5222,0.5305,0.4054,,
69.60,0.5229,0.5243,0.5254,0.403,,
69.70,0.5246,0.5259,0.5328,0.405,,
69.80,0.5254,0.5225,0.5271,0.4214,,
69.90,0.5247,0.5259,0.5272,0.4957,,
70.00,0.5234,0.5257,0.5325,0.4374,,
70.10,0.5237,0.5243,0.5262,0.4466,,
70.20,0.5242,0.5303,0.53,0.4789,,
70.30,0.5244,0.5289,0.5343,0.4112,,
70.40,0.5235,0.5281,0.5318,0.4125,,
70.50,0.5233,0.5278,0.5333,0.4109,,
70.60,0.5242,0.5250,0.5327,0.4078,,
70.70,0.5206,0.5248,0.5296,0.4061,,
70.80,0.5231,0.5250,0.5301,0.4049,,
70.90,0.5244,0.5249,0.5294,0.4038,,
71.00,0.5239,0.5242,0.5313,0.4037,,
71.10,0.5242,0.5238,0.5291,0.403,,
71.20,0.5235,0.5246,0.5293,0.4047,,
71.30,0.5242,0.5247,0.5297,0.4071,,
71.40,0.5244,0.5235,0.5289,0.4102,,
71.50,0.5244,0.5231,0.5302,0.4105,,
71.60,0.5258,0.5225,0.5329,0.4132,,
71.70,0.5241,0.5207,0.5298,0.4112,,
71.80,0.5238,0.5228,0.53,0.4128,,
71.90,0.5257,0.5219,0.5294,0.4113,,
72.00,0.5239,0.5259,0.5267,0.4124,,
72.10,0.5235,0.5252,0.5336,0.4117,,
72.20,0.5245,0.5225,0.5323,0.411,,
72.30,0.5245,0.5258,0.5284,0.4074,,
72.40,0.5228,0.5244,0.5354,0.4053,,
72.50,0.5228,0.5228,0.5286,0.4037,,
72.60,0.5220,0.5265,0.5311,0.4034,,
72.70,0.5226,0.5242,0.5351,0.403,,
72.80,0.5222,0.5265,0.5283,0.4032,,
72.90,0.5245,0.5304,0.5331,0.4055,,
73.00,0.5246,0.5288,0.5366,0.4074,,
73.10,0.5245,0.5284,0.5353,0.4115,,
73.20,0.5239,0.5281,0.5352,0.4321,,
73.30,0.5241,0.5255,0.5372,0.5023,,
73.40,0.5252,0.5251,0.5337,0.4272,,
73.50,0.5239,0.5250,0.5327,0.4596,,
73.60,0.5238,0.5249,0.5318,0.4636,,
73.70,0.5244,0.5241,0.532,0.4114,,
73.80,0.5245,0.5241,0.5319,0.4072,,
73.90,0.5244,0.5247,0.5328,0.4052,,
74.00,0.5238,0.5245,0.5353,0.4038,,
74.10,0.5245,0.5236,0.5362,0.403,,
74.20,0.5244,0.5227,0.5328,0.4035,,
74.30,0.5242,0.5216,0.5314,0.4028,,
74.40,0.5261,0.5212,0.5305,0.4044,,
74.50,0.5228,0.5241,0.5298,0.4073,,
74.60,0.5247,0.5233,0.5286,0.4114,,
74.70,0.5246,0.5254,0.5282,0.4111,,
74.80,0.5269,0.5237,0.5344,0.4146,,
74.90,0.5226,0.5235,0.5301,0.4113,,
75.00,0.5240,0.5250,0.5301,0.4121,,
75.10,0.5234,0.5227,0.5356,0.4112,,
75.20,0.5244,0.5243,0.5282,0.412,,
75.30,0.5247,0.5254,0.5312,0.4126,,
75.40,0.5240,0.5235,0.5348,0.4129,,
75.50,0.5240,0.5291,0.5286,0.4134,,
75.60,0.5240,0.5302,0.5335,0.4131,,
75.70,0.5242,0.5288,0.5363,0.4127,,
75.80,0.5257,0.5280,0.5351,0.4112,,
75.90,0.5250,0.5263,0.5353,0.4087,,
76.00,0.5271,0.5248,0.5344,,,
76.10,0.5253,0.5254,0.5326,,,
76.20,0.5259,0.5251,0.5326,,,
76.30,0.5281,0.5244,0.5318,,,
76.40,0.5276,0.5240,0.5323,,,
76.50,0.5274,0.5245,0.5342,,,
76.60,0.5254,0.5248,0.5326,,,
76.70,0.5251,0.5241,0.5316,,,
76.80,0.5252,0.5234,0.5331,,,
76.90,0.5245,0.5223,0.5317,,,
77.00,0.5234,0.5225,0.5317,,,
77.10,0.5244,0.5224,0.5303,,,
77.20,0.5248,0.5227,0.5296,,,
77.30,0.5249,0.5243,0.5322,,,
77.40,0.5225,0.5259,0.5287,,,
77.50,0.5211,0.5264,0.5347,,,
77.60,0.5264,0.5261,0.5305,,,
77.70,0.5258,0.5250,0.5315,,,
77.80,0.5252,0.5226,0.5352,,,
77.90,0.5252,0.5254,0.5284,,,
78.00,0.5242,0.5251,0.5345,,,
78.10,0.5234,0.5259,0.5357,,,
78.20,0.5239,0.5311,0.5292,,,
78.30,0.5247,0.5288,0.5335,,,
78.40,0.5242,0.5280,0.5349,,,
78.50,0.5220,0.5288,0.5347,,,
78.60,0.5211,0.5249,0.5345,,,
78.70,0.5197,0.5248,0.5336,,,
78.80,0.5175,0.5250,0.5323,,,
78.90,0.5165,0.5251,0.5307,,,
79.00,0.5210,0.5243,0.531,,,
79.10,0.5294,0.5240,0.5316,,,
79.20,0.5179,0.5243,0.5304,,,
79.30,0.5164,0.5244,0.5307,,,
79.40,0.5211,0.5239,0.5307,,,
79.50,0.5300,0.5239,0.5308,,,
79.60,0.5175,0.5232,0.5323,,,
79.70,0.5166,0.5205,0.5302,,,
79.80,0.5206,0.5229,0.5277,,,
79.90,0.5296,0.5217,0.5302,,,
80.00,0.5175,0.5253,0.5268,,,
80.10,0.5165,0.5247,0.5279,,,
80.20,0.5206,0.5222,0.535,,,
80.30,0.5349,0.5253,0.5276,,,
80.40,0.5277,0.5251,0.5313,,,
80.50,0.5264,0.5243,0.5339,,,
80.60,0.5294,0.5257,0.5266,,,
80.70,0.5279,0.5239,0.532,,,
80.80,0.5258,0.5280,0.5319,,,
80.90,0.5246,0.5293,0.5285,,,
81.00,0.5246,0.5296,0.5348,,,
81.10,0.5245,0.5293,0.5351,,,
81.20,0.5242,0.5268,0.5356,,,
81.30,0.5254,0.5249,0.5362,,,
81.40,0.5254,0.5248,0.5358,,,
81.50,0.5226,0.5247,0.5348,,,
81.60,0.5226,0.5249,0.5342,,,
81.70,0.5205,0.5240,0.5339,,,
81.80,0.5197,0.5241,0.5337,,,
81.90,0.5189,0.5245,0.5384,,,
82.00,0.5170,0.5245,0.5474,,,
82.10,0.5333,0.5248,0.5569,,,
82.20,0.5203,0.5226,0.5545,,,
82.30,0.5166,0.5211,0.5536,,,
82.40,0.5167,0.5216,0.5604,,,
82.50,0.5319,0.5241,0.5546,,,
82.60,0.5199,0.5239,0.5616,,,
82.70,0.5163,0.5246,0.5594,,,
82.80,0.5164,0.5240,0.5537,,,
82.90,0.5317,0.5241,0.5673,,,
83.00,0.5199,0.5251,0.579,,,
83.10,0.5165,0.5227,0.5775,,,
83.20,0.5167,0.5252,0.5709,,,
83.30,0.5333,0.5257,0.5559,,,
83.40,0.5296,0.5237,0.5641,,,
83.50,0.5266,0.5293,0.5607,,,
83.60,0.5292,0.5299,0.5633,,,
83.70,0.5269,0.5282,0.5619,,,
83.80,0.5248,0.5290,0.5623,,,
83.90,0.5244,0.5266,0.5603,,,
84.00,0.5254,0.5248,0.5602,,,
84.10,0.5232,0.5251,0.5601,,,
84.20,0.5237,0.5248,0.5287,,,
84.30,0.5243,0.5245,,,,
84.40,0.5248,0.5243,,,,
84.50,0.5235,0.5265,,,,
84.60,0.5212,0.5269,,,,
84.70,0.5212,0.5241,,,,
84.80,0.5186,0.5239,,,,
84.90,0.5168,0.5236,,,,
85.00,0.5165,0.5206,,,,
85.10,0.5303,0.5223,,,,
85.20,0.5216,0.5242,,,,
85.30,0.5167,0.5249,,,,
85.40,0.5164,0.5248,,,,
85.50,0.5328,0.5227,,,,
85.60,0.5225,0.5255,,,,
85.70,0.5169,0.5252,,,,
85.80,0.5164,0.5225,,,,
85.90,0.5294,0.5254,,,,
86.00,0.5223,0.5247,,,,
86.10,0.5168,0.5260,,,,
86.20,0.5166,0.5298,,,,
86.30,0.5303,0.5291,,,,
86.40,0.5331,0.5279,,,,
86.50,0.5263,0.5281,,,,
86.60,0.5283,0.5252,,,,
86.70,0.5283,0.5252,,,,
86.80,0.5256,0.5251,,,,
86.90,0.5242,0.5251,,,,
87.00,0.5265,0.5244,,,,
87.10,0.5267,0.5242,,,,
87.20,0.5239,0.5247,,,,
87.30,0.5242,0.5247,,,,
87.40,0.5250,0.5244,,,,
87.50,0.5244,0.5234,,,,
87.60,0.5213,0.5232,,,,
87.70,0.5210,0.5215,,,,
87.80,0.5188,0.5229,,,,
87.90,0.5170,0.5222,,,,
88.00,0.5164,0.5257,,,,
88.10,0.5262,0.5252,,,,
88.20,0.5254,0.5235,,,,
88.30,0.5172,0.5253,,,,
88.40,0.5163,0.5248,,,,
88.50,0.5258,0.5252,,,,
88.60,0.5256,0.5253,,,,
88.70,0.5171,0.5244,,,,
88.80,0.5165,0.5288,,,,
88.90,0.5247,0.5284,,,,
89.00,0.5265,0.5299,,,,
89.10,0.5171,0.5294,,,,
89.20,0.5164,0.5291,,,,
89.30,0.5246,0.5284,,,,
89.40,0.5335,0.5274,,,,
89.50,0.5269,0.5267,,,,
89.60,0.5273,0.5276,,,,
89.70,0.5287,0.5256,,,,
89.80,0.5248,0.5231,,,,
89.90,0.5251,0.5248,,,,
90.00,0.5250,0.5237,,,,
90.10,0.5243,0.5239,,,,
90.20,0.5267,0.5243,,,,
90.30,0.5242,0.5250,,,,
90.40,0.5249,0.5290,,,,
90.50,0.5247,0.5197,,,,
90.60,0.5218,0.5168,,,,
90.70,0.5212,0.5334,,,,
90.80,0.5201,0.5188,,,,
90.90,0.5178,0.5184,,,,
91.00,0.5165,0.5329,,,,
91.10,0.5198,0.5180,,,,
91.20,0.5304,0.5239,,,,
91.30,0.5182,0.5282,,,,
91.40,0.5163,0.5169,,,,
91.50,0.5199,0.5297,,,,
91.60,0.5301,0.5267,,,,
91.70,0.5182,0.5293,,,,
91.80,0.5166,0.5286,,,,
91.90,0.5198,0.5313,,,,
92.00,0.5297,0.5298,,,,
92.10,0.5186,0.5257,,,,
92.20,0.5165,0.5275,,,,
92.30,0.5200,0.5272,,,,
92.40,0.5332,,,,,
92.50,0.5284,,,,,
92.60,0.5269,,,,,
92.70,0.5289,,,,,
92.80,0.5256,,,,,
92.90,0.5249,,,,,
93.00,0.5249,,,,,
93.10,0.5251,,,,,
93.20,0.5233,,,,,
93.30,0.5239,,,,,
93.40,0.5247,,,,,
93.50,0.5247,,,,,
93.60,0.5228,,,,,
93.70,0.5210,,,,,
93.80,0.5206,,,,,
93.90,0.5180,,,,,
94.00,0.5165,,,,,
94.10,0.5172,,,,,
94.20,0.5307,,,,,
94.30,0.5203,,,,,
94.40,0.5167,,,,,
94.50,0.5173,,,,,
94.60,0.5308,,,,,
94.70,0.5201,,,,,
94.80,0.5165,,,,,
94.90,0.5173,,,,,
95.00,0.5305,,,,,
95.10,0.5201,,,,,
95.20,0.5167,,,,,
95.30,0.5174,,,,,
95.40,0.5317,,,,,
95.50,0.5296,,,,,
95.60,0.5267,,,,,
95.70,0.5286,,,,,
95.80,0.5274,,,,,
95.90,0.5248,,,,,
96.00,0.5245,,,,,
96.10,0.5253,,,,,
96.20,0.5233,,,,,
96.30,0.5237,,,,,
96.40,0.5245,,,,,
96.50,0.5247,,,,,
96.60,0.5239,,,,,
96.70,0.5214,,,,,
96.80,0.5209,,,,,
96.90,0.5191,,,,,
97.00,0.5171,,,,,
97.10,0.5165,,,,,
97.20,0.5287,,,,,
97.30,0.5231,,,,,
97.40,0.5182,,,,,
97.50,0.5197,,,,,
97.60,0.5287,,,,,
97.70,0.5233,,,,,
97.80,0.5166,,,,,
97.90,0.5165,,,,,
98.00,0.5277,,,,,
98.10,0.5237,,,,,
98.20,0.5179,,,,,
98.30,0.5168,,,,,
98.40,0.5279,,,,,
98.50,0.5318,,,,,
98.60,0.5268,,,,,
98.70,0.5278,,,,,
98.80,0.5284,,,,,
98.90,0.5256,,,,,
99.00,0.5244,,,,,
99.10,0.5251,,,,,
99.20,0.5242,,,,,
99.30,0.5236,,,,,
99.40,0.5243,,,,,
99.50,0.5249,,,,,
99.60,0.5244,,,,,
99.70,0.5215,,,,,
99.80,0.5208,,,,,
99.90,0.5194,,,,,
100.00,0.5173,,,,,
100.10,0.5167,,,,,
100.20,0.5231,,,,,
100.30,0.5280,,,,,
100.40,0.5176,,,,,
100.50,0.5164,,,,,
100.60,0.5229,,,,,
100.70,0.5282,,,,,
100.80,0.5175,,,,,
100.90,0.5164,,,,,
101.00,0.5223,,,,,
101.10,0.5281,,,,,
101.20,0.5175,,,,,
101.30,0.5165,,,,,
101.40,0.5222,,,,,
101.50,0.5340,,,,,
101.60,0.5272,,,,,
101.70,0.5271,,,,,
101.80,0.5290,,,,,
101.90,0.5258,,,,,
102.00,0.5254,,,,,
102.10,0.5250,,,,,
102.20,0.5248,,,,,
102.30,0.5233,,,,,
102.40,0.5275,,,,,
102.50,0.5250,,,,,
102.60,0.5250,,,,,
102.70,0.5225,,,,,
102.80,0.5214,,,,,
102.90,0.5201,,,,,
103.00,0.5179,,,,,
103.10,0.5166,,,,,
103.20,0.5195,,,,,
103.30,0.5307,,,,,
103.40,0.5186,,,,,
103.50,0.5169,,,,,
103.60,0.5202,,,,,
103.70,0.5304,,,,,
103.80,0.5187,,,,,
103.90,0.5164,,,,,
104.00,0.5191,,,,,
104.10,0.5301,,,,,
104.20,0.5193,,,,,
104.30,0.5166,,,,,
104.40,0.5191,,,,,
104.50,0.5329,,,,,
104.60,0.5291,,,,,
104.70,0.5269,,,,,
104.80,0.5289,,,,,
104.90,0.5264,,,,,
105.00,0.5250,,,,,
105.10,0.5246,,,,,
105.20,0.5253,,,,,
105.30,0.5233,,,,,
105.40,0.5239,,,,,
105.50,0.5244,,,,,
105.60,0.5250,,,,,
105.70,0.5236,,,,,
105.80,0.5210,,,,,
105.90,0.5208,,,,,
106.00,0.5182,,,,,
106.10,0.5167,,,,,
106.20,0.5181,,,,,
106.30,0.5282,,,,,
106.40,0.5220,,,,,
106.50,0.5169,,,,,
106.60,0.5182,,,,,
106.70,0.5276,,,,,
106.80,0.5224,,,,,
106.90,0.5168,,,,,
107.00,0.5199,,,,,
107.10,0.5282,,,,,
107.20,0.5235,,,,,
107.30,0.5168,,,,,
107.40,0.5183,,,,,
107.50,0.5280,,,,,
107.60,0.5315,,,,,
107.70,0.5277,,,,,
107.80,0.5281,,,,,
107.90,0.5276,,,,,
108.00,0.5247,,,,,
108.10,0.5249,,,,,
108.20,0.5250,,,,,
108.30,0.5240,,,,,
108.40,0.5238,,,,,
108.50,0.5241,,,,,
108.60,0.5247,,,,,
108.70,0.5239,,,,,
108.80,0.5217,,,,,
108.90,0.5209,,,,,
109.00,0.5190,,,,,
109.10,0.5171,,,,,
109.20,0.5169,,,,,
109.30,0.5249,,,,,
109.40,0.5260,,,,,
109.50,0.5174,,,,,
109.60,0.5173,,,,,
109.70,0.5243,,,,,
109.80,0.5260,,,,,
109.90,0.5176,,,,,
110.00,0.5172,,,,,
110.10,0.5233,,,,,
110.20,0.5265,,,,,
110.30,0.5179,,,,,
110.40,0.5172,,,,,
110.50,0.5238,,,,,
110.60,0.5319,,,,,
110.70,0.5278,,,,,
110.80,0.5279,,,,,
110.90,0.5289,,,,,
111.00,0.5255,,,,,
111.10,0.5246,,,,,
111.20,0.5247,,,,,
111.30,0.5245,,,,,
111.40,0.5233,,,,,
111.50,0.5241,,,,,
111.60,0.5245,,,,,
111.70,0.5242,,,,,
111.80,0.5223,,,,,
111.90,0.5208,,,,,
112.00,0.5196,,,,,
112.10,0.5174,,,,,
112.20,0.5167,,,,,
112.30,0.5234,,,,,
112.40,0.5275,,,,,
112.50,0.5198,,,,,
112.60,0.5185,,,,,
112.70,0.5224,,,,,
112.80,0.5280,,,,,
112.90,0.5187,,,,,
113.00,0.5166,,,,,
113.10,0.5223,,,,,
113.20,0.5270,,,,,
113.30,0.5187,,,,,
113.40,0.5165,,,,,
113.50,0.5228,,,,,
113.60,0.5316,,,,,
113.70,0.5281,,,,,
113.80,0.5272,,,,,
113.90,0.5280,,,,,
114.00,0.5268,,,,,
114.10,0.5247,,,,,
114.20,0.5244,,,,,
114.30,0.5244,,,,,
114.40,0.5237,,,,,
114.50,0.5238,,,,,
114.60,0.5242,,,,,
114.70,0.5246,,,,,
114.80,0.5226,,,,,
114.90,0.5207,,,,,
115.00,0.5200,,,,,
115.10,0.5179,,,,,
115.20,0.5164,,,,,
115.30,0.5205,,,,,
115.40,0.5265,,,,,
115.50,0.5211,,,,,
115.60,0.5166,,,,,
115.70,0.5205,,,,,
115.80,0.5263,,,,,
115.90,0.5216,,,,,
116.00,0.5166,,,,,
116.10,0.5197,,,,,
116.20,0.5255,,,,,
116.30,0.5223,,,,,
116.40,0.5168,,,,,
116.50,0.5200,,,,,
116.60,0.5274,,,,,
116.70,0.5310,,,,,
116.80,0.5270,,,,,
116.90,0.5281,,,,,
117.00,0.5267,,,,,
117.10,0.5253,,,,,
117.20,0.5250,,,,,
117.30,0.5244,,,,,
117.40,0.5240,,,,,
117.50,0.5238,,,,,
117.60,0.5243,,,,,
117.70,0.5242,,,,,
117.80,0.5234,,,,,
117.90,0.5213,,,,,
118.00,0.5204,,,,,
118.10,0.5187,,,,,
118.20,0.5172,,,,,
118.30,0.5186,,,,,
118.40,0.5243,,,,,
118.50,0.5246,,,,,
118.60,0.5170,,,,,
118.70,0.5188,,,,,
118.80,0.5245,,,,,
118.90,0.5247,,,,,
119.00,0.5170,,,,,
119.10,0.5186,,,,,
119.20,0.5243,,,,,
119.30,0.5260,,,,,
119.40,0.5190,,,,,
119.50,0.5183,,,,,
119.60,0.5259,,,,,
119.70,0.5314,,,,,
119.80,0.5272,,,,,
119.90,0.5281,,,,,
120.00,0.5270,,,,,
120.10,0.5252,,,,,
120.20,0.5251,,,,,
120.30,0.5247,,,,,
120.40,0.5241,,,,,
120.50,0.5235,,,,,
120.60,0.5243,,,,,
120.70,0.5247,,,,,
120.80,0.5236,,,,,
120.90,0.5220,,,,,
121.00,0.5208,,,,,
121.10,0.5192,,,,,
121.20,0.5172,,,,,
121.30,0.5171,,,,,
121.40,0.5244,,,,,
121.50,0.5246,,,,,
121.60,0.5186,,,,,
121.70,0.5176,,,,,
121.80,0.5244,,,,,
121.90,0.5243,,,,,
122.00,0.5188,,,,,
122.10,0.5170,,,,,
122.20,0.5244,,,,,
122.30,0.5239,,,,,
122.40,0.5189,,,,,
122.50,0.5175,,,,,
122.60,0.5257,,,,,
122.70,0.5289,,,,,
122.80,0.5278,,,,,
122.90,0.5275,,,,,
123.00,0.5271,,,,,
123.10,0.5265,,,,,
123.20,0.5243,,,,,
123.30,0.5250,,,,,
123.40,0.5241,,,,,
123.50,0.5237,,,,,
123.60,0.5238,,,,,
123.70,0.5244,,,,,
123.80,0.5238,,,,,
123.90,0.5224,,,,,
124.00,0.5239,,,,,
124.10,0.5198,,,,,
124.20,0.5178,,,,,
124.30,0.5174,,,,,
124.40,0.5235,,,,,
124.50,0.5290,,,,,
124.60,0.5259,,,,,
124.70,0.5208,,,,,
124.80,0.5248,,,,,
124.90,0.5239,,,,,
125.00,0.5206,,,,,
125.10,0.5172,,,,,
125.20,0.5235,,,,,
125.30,0.5239,,,,,
125.40,0.5205,,,,,
125.50,0.5172,,,,,
125.60,0.5240,,,,,
125.70,0.5287,,,,,
125.80,0.5291,,,,,
125.90,0.5271,,,,,
126.00,0.5278,,,,,
126.10,0.5270,,,,,
126.20,0.5247,,,,,
126.30,0.5246,,,,,
126.40,0.5242,,,,,
126.50,0.5236,,,,,
126.60,0.5239,,,,,
126.70,0.5245,,,,,
126.80,0.5241,,,,,
126.90,0.5228,,,,,
127.00,0.5210,,,,,
127.10,0.5200,,,,,
127.20,0.5182,,,,,
127.30,0.5172,,,,,
127.40,0.5213,,,,,
127.50,0.5231,,,,,
127.60,0.5222,,,,,
127.70,0.5178,,,,,
127.80,0.5214,,,,,
127.90,0.5231,,,,,
128.00,0.5220,,,,,
128.10,0.5184,,,,,
128.20,0.5210,,,,,
128.30,0.5225,,,,,
128.40,0.5219,,,,,
128.50,0.5188,,,,,
128.60,0.5216,,,,,
128.70,0.5300,,,,,
128.80,0.5290,,,,,
128.90,0.5326,,,,,
129.00,0.5277,,,,,
129.10,0.5268,,,,,
129.20,0.5260,,,,,
129.30,0.5251,,,,,
129.40,0.5245,,,,,
129.50,0.5239,,,,,
129.60,0.5239,,,,,
129.70,0.5244,,,,,
129.80,0.5245,,,,,
129.90,0.5229,,,,,
130.00,0.5218,,,,,
130.10,0.5204,,,,,
130.20,0.5188,,,,,
130.30,0.5174,,,,,
130.40,0.5199,,,,,
130.50,0.5226,,,,,
130.60,0.5236,,,,,
130.70,0.5189,,,,,
130.80,0.5205,,,,,
130.90,0.5228,,,,,
131.00,0.5238,,,,,
131.10,0.5188,,,,,
131.20,0.5198,,,,,
131.30,0.5221,,,,,
131.40,0.5237,,,,,
131.50,0.5189,,,,,
131.60,0.5201,,,,,
131.70,0.5292,,,,,
131.80,0.5350,,,,,
131.90,0.5327,,,,,
132.00,0.5277,,,,,
132.10,0.5265,,,,,
132.20,0.5263,,,,,
132.30,0.5255,,,,,
132.40,0.5246,,,,,
132.50,0.5242,,,,,
132.60,0.5240,,,,,
132.70,0.5243,,,,,
132.80,0.5242,,,,,
132.90,0.5237,,,,,
133.00,0.5225,,,,,
133.10,0.5207,,,,,
133.20,0.5194,,,,,
133.30,0.5178,,,,,
133.40,0.5191,,,,,
133.50,0.5261,,,,,
133.60,0.5309,,,,,
133.70,0.5283,,,,,
133.80,0.5280,,,,,
133.90,0.5311,,,,,
134.00,0.5309,,,,,
134.10,0.5264,,,,,
134.20,0.5198,,,,,
134.30,0.5230,,,,,
134.40,0.5294,,,,,
134.50,0.5282,,,,,
134.60,0.5261,,,,,
134.70,0.5321,,,,,
134.80,0.5331,,,,,
134.90,0.5332,,,,,
135.00,0.5278,,,,,
135.10,0.5279,,,,,
135.20,0.5268,,,,,
135.30,0.5254,,,,,
135.40,0.5247,,,,,
135.50,0.5245,,,,,
135.60,0.5240,,,,,
135.70,0.5242,,,,,
135.80,0.5247,,,,,
135.90,0.5274,,,,,
136.00,0.5230,,,,,
136.10,0.5210,,,,,
136.20,0.5196,,,,,
136.30,0.5183,,,,,
136.40,0.5184,,,,,
136.50,0.5217,,,,,
136.60,0.5222,,,,,
136.70,0.5216,,,,,
136.80,0.5200,,,,,
136.90,0.5210,,,,,
137.00,0.5226,,,,,
137.10,0.5212,,,,,
137.20,0.5205,,,,,
137.30,0.5205,,,,,
137.40,0.5229,,,,,
137.50,0.5214,,,,,
137.60,0.5211,,,,,
137.70,0.5219,,,,,
137.80,0.5261,,,,,
137.90,0.5291,,,,,
138.00,0.5289,,,,,
138.10,0.5272,,,,,
138.20,0.5275,,,,,
138.30,0.5258,,,,,
138.40,0.5249,,,,,
138.50,0.5246,,,,,
138.60,0.5246,,,,,
138.70,0.5240,,,,,
138.80,0.5243,,,,,
138.90,0.5241,,,,,
139.00,0.5237,,,,,
139.10,0.5212,,,,,
139.20,0.5204,,,,,
139.30,0.5192,,,,,
139.40,0.5214,,,,,
139.50,0.5201,,,,,
139.60,0.5220,,,,,
139.70,0.5239,,,,,
139.80,0.5200,,,,,
139.90,0.5200,,,,,
140.00,0.5224,,,,,
140.10,0.5236,,,,,
140.20,0.5200,,,,,
140.30,0.5201,,,,,
140.40,0.5225,,,,,
140.50,0.5235,,,,,
140.60,0.5202,,,,,
140.70,0.5209,,,,,
140.80,0.5278,,,,,
140.90,0.5291,,,,,
141.00,0.5293,,,,,
141.10,0.5270,,,,,
141.20,0.5282,,,,,
141.30,0.5267,,,,,
141.40,0.5256,,,,,